Title,Media URL,Pinterest board,Thumbnail,Description,Link,Publish date,Keywords
Moped phone-snatch safety: how to stop phone theft in the UK,https://protectmymobile.org/pins/moped-snatch-1.jpg,Phone Theft Prevention Tips,,"Kerbside grabs from mopeds and e-bikes, and how to stand so you are not the easy one. A rider and a pillion passenger work as a pair. Free illustrated guide from ProtectMyMobile, including what to do in the first minutes if your phone is stolen.",https://protectmymobile.org/slides/moped-snatch?utm_source=pinterest&utm_medium=social&utm_campaign=moped-snatch,2026-09-26T18:00:00,"phone theft, phone snatching, stolen phone, London safety, travel safety tips, UK safety"
Street phone-snatch safety: how to stop phone theft in the UK,https://protectmymobile.org/pins/street-safety-1.jpg,Phone Theft Prevention Tips,,"Busy-street habits that make you a harder target, and the first five minutes afterwards. On foot, the thief walks with the flow of the crowd, matches your pace behind your shoulder, and takes the phone from the hand while you are reading it. Free illustrated guide from ProtectMyMobile, including what to do in the first minutes if your phone is stolen.",https://protectmymobile.org/slides/street-safety?utm_source=pinterest&utm_medium=social&utm_campaign=street-safety,2026-09-27T18:00:00,"phone theft, phone snatching, stolen phone, London safety, travel safety tips, UK safety"
Staying secure on public transport: how to stop phone theft in the UK,https://protectmymobile.org/pins/public-transport-1.jpg,London Travel Safety Tips,,"Doors, platforms and crowded carriages, where a phone can leave without its owner. The classic is the door snatch: someone stands near the doors, waits for the closing tone, takes the phone from a seated or standing passenger and steps off as the doors shut. Free illustrated guide from ProtectMyMobile, including what to do in the first minutes if your phone is stolen.",https://protectmymobile.org/slides/public-transport?utm_source=pinterest&utm_medium=social&utm_campaign=public-transport,2026-09-28T18:00:00,"phone theft, phone snatching, stolen phone, London safety, travel safety tips, UK safety"
Nightlife phone safety: how to stop phone theft in the UK,https://protectmymobile.org/pins/nightlife-1.jpg,Nightlife Safety Tips,,"Bars, clubs and the walk home, where distraction does most of the work. Nothing is snatched. Free illustrated guide from ProtectMyMobile, including what to do in the first minutes if your phone is stolen.",https://protectmymobile.org/slides/nightlife?utm_source=pinterest&utm_medium=social&utm_campaign=nightlife,2026-09-29T18:00:00,"phone theft, phone snatching, stolen phone, London safety, travel safety tips, UK safety"
Park phone-snatch safety: how to stop phone theft in the UK,https://protectmymobile.org/pins/park-safety-1.jpg,London Travel Safety Tips,,"Sitting outdoors makes you predictable. Here is what that costs and how to fix it. You are seated, your things are spread out on the grass or a bench, and someone on a bike takes the phone from beside you as they pass. Free illustrated guide from ProtectMyMobile, including what to do in the first minutes if your phone is stolen.",https://protectmymobile.org/slides/park-safety?utm_source=pinterest&utm_medium=social&utm_campaign=park-safety,2026-09-30T18:00:00,"phone theft, phone snatching, stolen phone, London safety, travel safety tips, UK safety"
Beating the bump-and-grab: how to stop phone theft in the UK,https://protectmymobile.org/pins/bump-and-grab-1.jpg,Phone Theft Prevention Tips,,"The deliberate bump, the apology, and the pocket that is now empty. One person walks into you, apologises, steadies you by the arm. Free illustrated guide from ProtectMyMobile, including what to do in the first minutes if your phone is stolen.",https://protectmymobile.org/slides/bump-and-grab?utm_source=pinterest&utm_medium=social&utm_campaign=bump-and-grab,2026-10-01T18:00:00,"phone theft, phone snatching, stolen phone, London safety, travel safety tips, UK safety"
Spotting the map trick: how to stop phone theft in the UK,https://protectmymobile.org/pins/map-trick-1.jpg,Phone Theft Prevention Tips,,"A map or a leaflet held over the table, and the phone that goes underneath it. Someone asks for directions and lays a paper map, a menu or a leaflet across the table while they point at it. Free illustrated guide from ProtectMyMobile, including what to do in the first minutes if your phone is stolen.",https://protectmymobile.org/slides/map-trick?utm_source=pinterest&utm_medium=social&utm_campaign=map-trick,2026-10-02T18:00:00,"phone theft, phone snatching, stolen phone, London safety, travel safety tips, UK safety"
Cafe phone-safety snapshot: how to stop phone theft in the UK,https://protectmymobile.org/pins/cafe-safety-1.jpg,London Travel Safety Tips,,"Table edges, window seats and the cover-and-lift, in the place people relax most. A phone sits on the edge of a table near a door or a window. Free illustrated guide from ProtectMyMobile, including what to do in the first minutes if your phone is stolen.",https://protectmymobile.org/slides/cafe-safety?utm_source=pinterest&utm_medium=social&utm_campaign=cafe-safety,2026-10-03T18:00:00,"phone theft, phone snatching, stolen phone, London safety, travel safety tips, UK safety"
Moped phone-snatch safety (part 2 of 3): UK phone theft tips,https://protectmymobile.org/pins/moped-snatch-2.jpg,Phone Theft Prevention Tips,,"Walk on the building side of the pavement, not the kerb side, and put the phone in the hand furthest from the road. Kerbside grabs from mopeds and e-bikes, and how to stand so you are not the easy one. Free illustrated guide from ProtectMyMobile, including what to do in the first minutes if your phone is stolen.",https://protectmymobile.org/slides/moped-snatch?utm_source=pinterest&utm_medium=social&utm_campaign=moped-snatch,2026-10-04T18:00:00,"phone theft, phone snatching, stolen phone, London safety, travel safety tips, UK safety"
Street phone-snatch safety (part 2 of 4): UK phone theft tips,https://protectmymobile.org/pins/street-safety-2.jpg,Phone Theft Prevention Tips,,"Stand with your back to a wall when you need the phone, so nobody can approach from behind you. Busy-street habits that make you a harder target, and the first five minutes afterwards. Free illustrated guide from ProtectMyMobile, including what to do in the first minutes if your phone is stolen.",https://protectmymobile.org/slides/street-safety?utm_source=pinterest&utm_medium=social&utm_campaign=street-safety,2026-10-05T18:00:00,"phone theft, phone snatching, stolen phone, London safety, travel safety tips, UK safety"
Staying secure on public transport (part 2 of 4): UK phone theft tips,https://protectmymobile.org/pins/public-transport-2.jpg,London Travel Safety Tips,,"Sit or stand away from the doors when you have the phone out, and put it away as you come into a station. Doors, platforms and crowded carriages, where a phone can leave without its owner. Free illustrated guide from ProtectMyMobile, including what to do in the first minutes if your phone is stolen.",https://protectmymobile.org/slides/public-transport?utm_source=pinterest&utm_medium=social&utm_campaign=public-transport,2026-10-06T18:00:00,"phone theft, phone snatching, stolen phone, London safety, travel safety tips, UK safety"
Nightlife phone safety (part 2 of 3): UK phone theft tips,https://protectmymobile.org/pins/nightlife-2.jpg,Nightlife Safety Tips,,"Off the table. A phone face down on a table is a phone under a coat a minute later. Bars, clubs and the walk home, where distraction does most of the work. Free illustrated guide from ProtectMyMobile, including what to do in the first minutes if your phone is stolen.",https://protectmymobile.org/slides/nightlife?utm_source=pinterest&utm_medium=social&utm_campaign=nightlife,2026-10-07T18:00:00,"phone theft, phone snatching, stolen phone, London safety, travel safety tips, UK safety"
Park phone-snatch safety (part 2 of 3): UK phone theft tips,https://protectmymobile.org/pins/park-safety-2.jpg,London Travel Safety Tips,,"Keep the phone in a pocket rather than on the grass, the bench or the top of a bag. Sitting outdoors makes you predictable. Here is what that costs and how to fix it. Free illustrated guide from ProtectMyMobile, including what to do in the first minutes if your phone is stolen.",https://protectmymobile.org/slides/park-safety?utm_source=pinterest&utm_medium=social&utm_campaign=park-safety,2026-10-08T18:00:00,"phone theft, phone snatching, stolen phone, London safety, travel safety tips, UK safety"
Beating the bump-and-grab (part 2 of 3): UK phone theft tips,https://protectmymobile.org/pins/bump-and-grab-2.jpg,Phone Theft Prevention Tips,,"Carry the phone in a front or inside pocket, so the bump does not put it in reach. The deliberate bump, the apology, and the pocket that is now empty. Free illustrated guide from ProtectMyMobile, including what to do in the first minutes if your phone is stolen.",https://protectmymobile.org/slides/bump-and-grab?utm_source=pinterest&utm_medium=social&utm_campaign=bump-and-grab,2026-10-09T18:00:00,"phone theft, phone snatching, stolen phone, London safety, travel safety tips, UK safety"
Spotting the map trick (part 2 of 3): UK phone theft tips,https://protectmymobile.org/pins/map-trick-2.jpg,Phone Theft Prevention Tips,,"Never let anything be placed over your phone on a table. A map or a leaflet held over the table, and the phone that goes underneath it. Free illustrated guide from ProtectMyMobile, including what to do in the first minutes if your phone is stolen.",https://protectmymobile.org/slides/map-trick?utm_source=pinterest&utm_medium=social&utm_campaign=map-trick,2026-10-10T18:00:00,"phone theft, phone snatching, stolen phone, London safety, travel safety tips, UK safety"
Cafe phone-safety snapshot (part 2 of 3): UK phone theft tips,https://protectmymobile.org/pins/cafe-safety-2.jpg,London Travel Safety Tips,,"Sit away from the door and put the phone away from the table edge, or better, in a pocket. Table edges, window seats and the cover-and-lift, in the place people relax most. Free illustrated guide from ProtectMyMobile, including what to do in the first minutes if your phone is stolen.",https://protectmymobile.org/slides/cafe-safety?utm_source=pinterest&utm_medium=social&utm_campaign=cafe-safety,2026-10-11T18:00:00,"phone theft, phone snatching, stolen phone, London safety, travel safety tips, UK safety"
Moped phone-snatch safety (part 3 of 3): UK phone theft tips,https://protectmymobile.org/pins/moped-snatch-3.jpg,Phone Theft Prevention Tips,,"Stop and stand still against a wall or in a doorway to read a message rather than walking with the phone out. Kerbside grabs from mopeds and e-bikes, and how to stand so you are not the easy one. Free illustrated guide from ProtectMyMobile, including what to do in the first minutes if your phone is stolen.",https://protectmymobile.org/slides/moped-snatch?utm_source=pinterest&utm_medium=social&utm_campaign=moped-snatch,2026-10-12T18:00:00,"phone theft, phone snatching, stolen phone, London safety, travel safety tips, UK safety"
Street phone-snatch safety (part 3 of 4): UK phone theft tips,https://protectmymobile.org/pins/street-safety-3.jpg,Phone Theft Prevention Tips,,"Keep the phone in an inside or front pocket, not a back pocket or an open bag. Busy-street habits that make you a harder target, and the first five minutes afterwards. Free illustrated guide from ProtectMyMobile, including what to do in the first minutes if your phone is stolen.",https://protectmymobile.org/slides/street-safety?utm_source=pinterest&utm_medium=social&utm_campaign=street-safety,2026-10-13T18:00:00,"phone theft, phone snatching, stolen phone, London safety, travel safety tips, UK safety"
Staying secure on public transport (part 3 of 4): UK phone theft tips,https://protectmymobile.org/pins/public-transport-3.jpg,London Travel Safety Tips,,"On the platform, keep the phone away from the platform edge and away from the doors as they open. Doors, platforms and crowded carriages, where a phone can leave without its owner. Free illustrated guide from ProtectMyMobile, including what to do in the first minutes if your phone is stolen.",https://protectmymobile.org/slides/public-transport?utm_source=pinterest&utm_medium=social&utm_campaign=public-transport,2026-10-14T18:00:00,"phone theft, phone snatching, stolen phone, London safety, travel safety tips, UK safety"
Nightlife phone safety (part 3 of 3): UK phone theft tips,https://protectmymobile.org/pins/nightlife-3.jpg,Nightlife Safety Tips,,"Front pocket or a zipped bag, never a back pocket in a crowd. Bars, clubs and the walk home, where distraction does most of the work. Free illustrated guide from ProtectMyMobile, including what to do in the first minutes if your phone is stolen.",https://protectmymobile.org/slides/nightlife?utm_source=pinterest&utm_medium=social&utm_campaign=nightlife,2026-10-15T18:00:00,"phone theft, phone snatching, stolen phone, London safety, travel safety tips, UK safety"
Park phone-snatch safety (part 3 of 3): UK phone theft tips,https://protectmymobile.org/pins/park-safety-3.jpg,London Travel Safety Tips,,"Sit facing the path so nothing approaches from behind you. Sitting outdoors makes you predictable. Here is what that costs and how to fix it. Free illustrated guide from ProtectMyMobile, including what to do in the first minutes if your phone is stolen.",https://protectmymobile.org/slides/park-safety?utm_source=pinterest&utm_medium=social&utm_campaign=park-safety,2026-10-16T18:00:00,"phone theft, phone snatching, stolen phone, London safety, travel safety tips, UK safety"
Beating the bump-and-grab (part 3 of 3): UK phone theft tips,https://protectmymobile.org/pins/bump-and-grab-3.jpg,Phone Theft Prevention Tips,,"Treat unexpected physical contact in a crowd as a cue to check what you are carrying. The deliberate bump, the apology, and the pocket that is now empty. Free illustrated guide from ProtectMyMobile, including what to do in the first minutes if your phone is stolen.",https://protectmymobile.org/slides/bump-and-grab?utm_source=pinterest&utm_medium=social&utm_campaign=bump-and-grab,2026-10-17T18:00:00,"phone theft, phone snatching, stolen phone, London safety, travel safety tips, UK safety"
Spotting the map trick (part 3 of 3): UK phone theft tips,https://protectmymobile.org/pins/map-trick-3.jpg,Phone Theft Prevention Tips,,"Keep the phone in a pocket while you eat rather than beside your plate. A map or a leaflet held over the table, and the phone that goes underneath it. Free illustrated guide from ProtectMyMobile, including what to do in the first minutes if your phone is stolen.",https://protectmymobile.org/slides/map-trick?utm_source=pinterest&utm_medium=social&utm_campaign=map-trick,2026-10-18T18:00:00,"phone theft, phone snatching, stolen phone, London safety, travel safety tips, UK safety"
Cafe phone-safety snapshot (part 3 of 3): UK phone theft tips,https://protectmymobile.org/pins/cafe-safety-3.jpg,London Travel Safety Tips,,"Do not use a phone to reserve a table by leaving it on the seat. Table edges, window seats and the cover-and-lift, in the place people relax most. Free illustrated guide from ProtectMyMobile, including what to do in the first minutes if your phone is stolen.",https://protectmymobile.org/slides/cafe-safety?utm_source=pinterest&utm_medium=social&utm_campaign=cafe-safety,2026-10-19T18:00:00,"phone theft, phone snatching, stolen phone, London safety, travel safety tips, UK safety"
Street phone-snatch safety (part 4 of 4): UK phone theft tips,https://protectmymobile.org/pins/street-safety-4.jpg,Phone Theft Prevention Tips,,"Set your lock screen to hide message previews, so a thief cannot read a bank code off a locked phone. Busy-street habits that make you a harder target, and the first five minutes afterwards. Free illustrated guide from ProtectMyMobile, including what to do in the first minutes if your phone is stolen.",https://protectmymobile.org/slides/street-safety?utm_source=pinterest&utm_medium=social&utm_campaign=street-safety,2026-10-20T18:00:00,"phone theft, phone snatching, stolen phone, London safety, travel safety tips, UK safety"
Staying secure on public transport (part 4 of 4): UK phone theft tips,https://protectmymobile.org/pins/public-transport-4.jpg,London Travel Safety Tips,,"Use a wired or over-ear set rather than holding the phone up to read while standing. Doors, platforms and crowded carriages, where a phone can leave without its owner. Free illustrated guide from ProtectMyMobile, including what to do in the first minutes if your phone is stolen.",https://protectmymobile.org/slides/public-transport?utm_source=pinterest&utm_medium=social&utm_campaign=public-transport,2026-10-21T18:00:00,"phone theft, phone snatching, stolen phone, London safety, travel safety tips, UK safety"